[
  {
    "question": "下列哪一項屬於「直接排放」的範圍？",
    "options": [
      "購買電力所產生的排放",
      "員工通勤的交通排放",
      "鍋爐燃燒天然氣",
      "原物料運送過程排放"
    ],
    "answer": 2,
    "explanation": "「直接排放來源主要包括：燃料燃燒、製程排放、逸散排放等，係指來自組織擁有或控制之溫室氣體排放來源。」（出處：主題一講義，第9頁）"
  },
  {
    "question": "根據IPCC分類，間接排放不包括下列哪一項？",
    "options": [
      "購電排放",
      "員工通勤所產生的排放",
      "公司擁有車輛燃料燃燒",
      "上游供應鏈排放"
    ],
    "answer": 2,
    "explanation": "「直接排放是指組織擁有或控制的排放源所產生的溫室氣體排放...間接排放則是發生於組織邊界之外，但與組織活動有關的排放來源。」（出處：主題一講義，第10頁）"
  },
  {
    "question": "以下何者屬於「間接排放」的範疇？",
    "options": [
      "廠內燃油車輛使用",
      "鍋爐燃燒天然氣",
      "員工通勤與差旅產生排放",
      "製程中逸散排放"
    ],
    "answer": 2,
    "explanation": "「其他間接排放：例如員工通勤、商務旅行、產品使用、廢棄物處理等皆屬之。」（出處：主題一講義，第10頁）"
  },
  {
    "question": "依據IPCC定義，下列哪一類排放需納入企業的直接排放計算？",
    "options": [
      "員工通勤碳排",
      "原料採購過程排放",
      "設施內天然氣燃燒排放",
      "顧客使用產品過程的排放"
    ],
    "answer": 2,
    "explanation": "「直接排放係指來自組織擁有或控制設施的固定或移動設備的燃料燃燒排放...」（出處：主題一講義，第10頁）"
  },
  {
    "question": "以下哪個活動最可能造成「範疇三」的溫室氣體排放？",
    "options": [
      "使用空調耗電",
      "公司機車隊的燃油使用",
      "員工搭乘高鐵通勤",
      "製程用電排放"
    ],
    "answer": 2,
    "explanation": "「範疇三是指其他間接排放...例如員工通勤...」（出處：主題一講義，第10頁）"
  },
  {
    "question": "根據課程內容，臺灣近年來氣候變遷的趨勢主要表現為何？",
    "options": [
      "年平均溫度下降",
      "颱風頻率增加但強度變弱",
      "年平均溫度持續升高且極端事件增加",
      "降雨日數穩定，但總量減少"
    ],
    "answer": 2,
    "explanation": "「台灣近年亦呈現氣候變遷之趨勢，例如氣溫升高、極端降雨、乾旱事件增多等。」（出處：主題一講義，第2頁）"
  },
  {
    "question": "全球升溫若超過攝氏幾度，將可能帶來不可逆的氣候災難？",
    "options": [
      "1°C",
      "1.5°C",
      "2°C",
      "2.5°C"
    ],
    "answer": 1,
    "explanation": "「根據聯合國IPCC報告指出，若升溫超過1.5°C將造成不可逆之氣候衝擊...」（出處：主題一講義，第3頁）"
  },
  {
    "question": "我國「氣候變遷因應法」設定哪一年達成淨零排放目標？",
    "options": [
      "2030年",
      "2040年",
      "2045年",
      "2050年"
    ],
    "answer": 3,
    "explanation": "「我國於《氣候變遷因應法》中明訂2050年達成溫室氣體淨零排放目標...」（出處：主題一講義，第5頁）"
  },
  {
    "question": "下列哪一項是2050年淨零排放路徑的重點策略之一？",
    "options": [
      "降低再生能源比例",
      "強化石化燃料使用效率",
      "推動能源轉型與電力脫碳",
      "提高水資源使用密度"
    ],
    "answer": 2,
    "explanation": "「我國『2050淨零排放路徑』涵蓋能源轉型、工業轉型、生活轉型等多項策略...」（出處：主題一講義，第5頁）"
  },
  {
    "question": "根據講義，臺灣再生能源的主要目標為何？",
    "options": [
      "擴大火力發電佔比",
      "穩定核電比例以替代綠能",
      "提高太陽光電與風力發電比例",
      "減少所有電力部門投資"
    ],
    "answer": 2,
    "explanation": "「臺灣推動能源轉型...提高再生能源發電比例，如太陽光電與風力發電。」（出處：主題一講義，第7頁）"
  },
  {
    "question": "根據統計，臺灣哪個部門的溫室氣體排放量最高？",
    "options": [
      "農業部門",
      "工業與製造部門",
      "運輸部門",
      "能源部門"
    ],
    "answer": 3,
    "explanation": "「我國溫室氣體排放以能源部門占最大宗...」（主題一講義，第6頁）"
  },
  {
    "question": "下列哪一項為我國推動溫室氣體盤查制度的主要目的？",
    "options": [
      "為減少人事成本",
      "協助掌握排放熱點與減量潛力",
      "取代環評審查制度",
      "彌補再生能源不足問題"
    ],
    "answer": 1,
    "explanation": "「以掌握排放熱點與減量潛力為目的...」（主題一講義，第6頁）"
  },
  {
    "question": "下列哪一項不是「2050淨零排放」八大策略之一？",
    "options": [
      "能源轉型",
      "工業轉型",
      "財政政策調整",
      "碳捕捉與負碳技術"
    ],
    "answer": 2,
    "explanation": "「八大關鍵策略包括能源轉型、產業轉型、生活轉型...」（主題一講義，第8頁）"
  },
  {
    "question": "推動負碳技術不包含以下哪一項？",
    "options": [
      "植樹造林",
      "碳捕捉與封存",
      "永續農業與海洋碳匯",
      "降低人力工時"
    ],
    "answer": 3,
    "explanation": "「負碳技術如CCUS、DACCS、森林碳匯等...」（主題一講義，第8頁）"
  },
  {
    "question": "下列哪一項有助於推動產業部門之淨零排放？",
    "options": [
      "降低製造業投資",
      "提高化石燃料使用率",
      "發展綠色製造與循環經濟",
      "暫緩國際供應鏈的碳要求"
    ],
    "answer": 2,
    "explanation": "「導入綠色製造、循環經濟...」（主題一講義，第8頁）"
  },
  {
    "question": "下列何者為我國推動「生活轉型」的重要措施？",
    "options": [
      "鼓勵高耗能家電使用",
      "推廣綠色消費與食農教育",
      "減少在地交通運具發展",
      "增加城市照明時間"
    ],
    "answer": 1,
    "explanation": "「推廣綠色消費、低碳飲食、在地化消費...」（主題一講義，第9頁）"
  },
  {
    "question": "以下哪一項不屬於生活轉型的範疇？",
    "options": [
      "提高電動車使用率",
      "建立碳關稅機制",
      "落實綠色採購",
      "建築節能改造"
    ],
    "answer": 1,
    "explanation": "「綠色採購、智慧運輸等屬於生活轉型...」（主題一講義，第9頁）"
  },
  {
    "question": "以下哪一項是「公正轉型」的核心理念？",
    "options": [
      "減稅以鼓勵減碳",
      "彌補能源轉型中受衝擊族群的損失",
      "提高碳費以懲罰排碳者",
      "全面禁止燃煤工廠"
    ],
    "answer": 1,
    "explanation": "「公正轉型...提供勞工與產業轉型協助...」（主題一講義，第9頁）"
  },
  {
    "question": "哪一項行動有助於提升「氣候治理能力」？",
    "options": [
      "降低地方參與意願",
      "精簡中央政府角色",
      "強化中央與地方協調與監督",
      "減少氣候研究預算"
    ],
    "answer": 2,
    "explanation": "「強化治理能力，包含中央與地方協力...」（主題一講義，第9頁）"
  },
  {
    "question": "氣候治理能力建構中，哪一項為提升民眾參與的作法？",
    "options": [
      "取消利害關係人協作平台",
      "建立多元社會溝通管道",
      "減少NGO資源投入",
      "限制公民參與空間"
    ],
    "answer": 1,
    "explanation": "「建構跨部會協作與社會溝通機制...」（主題一講義，第9頁）"
  },
  {
    "question": "下列何者為目前臺灣碳定價的主要政策工具？",
    "options": [
      "碳交易市場",
      "碳稅",
      "碳費制度",
      "能源附加費"
    ],
    "answer": 2,
    "explanation": "「為我國第一個碳定價制度工具...」（主題一講義，第10頁）"
  },
  {
    "question": "我國碳費制度的實施對象是？",
    "options": [
      "所有中小企業",
      "排放量超過一定門檻之排放源",
      "所有交通部門車輛",
      "所有能源消費者"
    ],
    "answer": 1,
    "explanation": "「對象為年排放量超過門檻之固定污染源...」（主題一講義，第10頁）"
  },
  {
    "question": "以下哪項為我國強化氣候治理能力的重要作法？",
    "options": [
      "減少資訊揭露",
      "精簡地方權限",
      "提升透明資訊管理與能力建構",
      "減少法規制定程序"
    ],
    "answer": 2,
    "explanation": "「氣候治理能力包括資訊透明、能力建構等...」（主題一講義，第11頁）"
  },
  {
    "question": "氣候治理的科技研發重點不包含下列哪一項？",
    "options": [
      "再生能源技術",
      "碳捕捉與封存",
      "氣候模擬與預測",
      "資本利得稅減免政策"
    ],
    "answer": 3,
    "explanation": "「涵蓋氣候模擬、低碳能源、碳封存...」（主題一講義，第11頁）"
  },
  {
    "question": "下列哪個國家為2050淨零目標訂定了具體的法案與路徑？",
    "options": [
      "俄羅斯",
      "英國",
      "越南",
      "伊朗"
    ],
    "answer": 1,
    "explanation": "「英國為全球第一個將淨零目標入法...」（主題一講義，第12頁）"
  }
]